Date,Category,Likes
2022-12-30,Family,7149
2022-12-31,Travel,1034
2023-01-01,Culture,2117
2023-01-02,Fitness,1851
2023-01-03,Fashion,514
2023-01-04,Family,5674
2023-01-05,Food,682
2023-01-06,Fitness,3205
2023-01-07,Travel,4443
2023-01-08,Fitness,6625
2023-01-09,Fashion,8439
2023-01-10,Culture,835
2023-01-11,Health,1727
2023-01-12,Family,8880
2023-01-13,Health,8929
2023-01-14,Music,6401
2023-01-15,Family,9053
2023-01-16,Family,7753
2023-01-17,Health,1262
2023-01-18,Fashion,2860
2023-01-19,Culture,8817
2023-01-20,Culture,7541
2023-01-21,Fashion,8326
2023-01-22,Culture,6402
2023-01-23,Health,4308
2023-01-24,Fashion,5943
2023-01-25,Culture,6996
2023-01-26,Fashion,8285
2023-01-27,Food,643
2023-01-28,Family,6102
2023-01-29,Music,8574
2023-01-30,Culture,3007
2023-01-31,Culture,6517
2023-02-01,Travel,960
2023-02-02,Fitness,8760
2023-02-03,Health,2474
2023-02-04,Family,5791
2023-02-05,Music,3551
2023-02-06,Health,1513
2023-02-07,Music,3917
2023-02-08,Family,9589
2023-02-09,Travel,2039
2023-02-10,Fashion,8965
2023-02-11,Family,9993
2023-02-12,Culture,67
2023-02-13,Fitness,651
2023-02-14,Fashion,162
2023-02-15,Fitness,581
2023-02-16,Fashion,501
2023-02-17,Family,3892
2023-02-18,Culture,5724
2023-02-19,Music,9061
2023-02-20,Family,3026
2023-02-21,Health,717
2023-02-22,Music,5590
2023-02-23,Music,2173
2023-02-24,Travel,3860
2023-02-25,Food,9795
2023-02-26,Health,2083
2023-02-27,Travel,1844
2023-02-28,Music,3206
2023-03-01,Health,1881
2023-03-02,Food,2857
2023-03-03,Music,3778
2023-03-04,Health,586
2023-03-05,Fitness,2827
2023-03-06,Music,1543
2023-03-07,Fitness,4745
2023-03-08,Health,1245
2023-03-09,Fitness,6147
2023-03-10,Culture,8348
2023-03-11,Culture,4931
2023-03-12,Fitness,1335
2023-03-13,Music,610
2023-03-14,Family,7858
2023-03-15,Music,6306
2023-03-16,Food,1930
2023-03-17,Travel,5050
2023-03-18,Family,3528
2023-03-19,Health,767
2023-03-20,Food,3637
2023-03-21,Family,1941
2023-03-22,Culture,4468
2023-03-23,Fitness,5660
2023-03-24,Health,7541
2023-03-25,Culture,9063
2023-03-26,Music,1190
2023-03-27,Music,3104
2023-03-28,Fashion,3180
2023-03-29,Health,1630
2023-03-30,Travel,1295
2023-03-31,Music,3923
2023-04-01,Family,1065
2023-04-02,Fashion,5265
2023-04-03,Health,8084
2023-04-04,Family,4276
2023-04-05,Fitness,2770
2023-04-06,Travel,6
2023-04-07,Fashion,4046
2023-04-08,Travel,7014
2023-04-09,Travel,1336
2023-04-10,Health,2191
2023-04-11,Music,5107
2023-04-12,Fitness,935
2023-04-13,Food,7384
2023-04-14,Music,121
2023-04-15,Culture,2686
2023-04-16,Food,8915
2023-04-17,Health,5612
2023-04-18,Fashion,4142
2023-04-19,Music,3500
2023-04-20,Health,9342
2023-04-21,Family,6392
2023-04-22,Travel,7453
2023-04-23,Family,9694
2023-04-24,Family,2987
2023-04-25,Travel,5542
2023-04-26,Family,7217
2023-04-27,Fitness,9423
2023-04-28,Music,8137
2023-04-29,Fitness,4732
2023-04-30,Fashion,5255
2023-05-01,Travel,3376
2023-05-02,Music,9484
2023-05-03,Music,6398
2023-05-04,Travel,3746
2023-05-05,Fashion,185
2023-05-06,Culture,9730
2023-05-07,Fashion,9578
2023-05-08,Fitness,7881
2023-05-09,Family,1472
2023-05-10,Fitness,3329
2023-05-11,Food,1805
2023-05-12,Travel,5765
2023-05-13,Health,7097
2023-05-14,Fashion,1904
2023-05-15,Family,5861
2023-05-16,Family,7210
2023-05-17,Fitness,8603
2023-05-18,Health,5244
2023-05-19,Music,4923
2023-05-20,Food,8648
2023-05-21,Fitness,7472
2023-05-22,Culture,3103
2023-05-23,Food,2633
2023-05-24,Music,3948
2023-05-25,Fitness,7646
2023-05-26,Family,245
2023-05-27,Fitness,5954
2023-05-28,Fitness,2774
2023-05-29,Food,1305
2023-05-30,Fashion,4626
2023-05-31,Travel,8787
2023-06-01,Travel,6250
2023-06-02,Food,3057
2023-06-03,Fitness,6806
2023-06-04,Food,431
2023-06-05,Food,5695
2023-06-06,Travel,5299
2023-06-07,Culture,3615
2023-06-08,Fitness,3826
2023-06-09,Food,9390
2023-06-10,Food,5645
2023-06-11,Fitness,6984
2023-06-12,Music,3181
2023-06-13,Fitness,2422
2023-06-14,Fitness,5814
2023-06-15,Music,9736
2023-06-16,Health,4151
2023-06-17,Health,1172
2023-06-18,Fitness,6413
2023-06-19,Culture,5727
2023-06-20,Food,7066
2023-06-21,Fitness,3515
2023-06-22,Family,9901
2023-06-23,Family,8090
2023-06-24,Music,1684
2023-06-25,Fitness,4948
2023-06-26,Music,5346
2023-06-27,Travel,7042
2023-06-28,Food,4452
2023-06-29,Fitness,5604
2023-06-30,Fashion,1100
2023-07-01,Food,7586
2023-07-02,Music,8161
2023-07-03,Health,6544
2023-07-04,Travel,1436
2023-07-05,Fitness,8071
2023-07-06,Health,3584
2023-07-07,Family,8512
2023-07-08,Family,7864
2023-07-09,Food,3617
2023-07-10,Family,14
2023-07-11,Culture,1341
2023-07-12,Travel,9190
2023-07-13,Fitness,6365
2023-07-14,Music,4962
2023-07-15,Travel,4703
2023-07-16,Travel,2060
2023-07-17,Travel,3443
2023-07-18,Fitness,1918
2023-07-19,Health,3065
2023-07-20,Culture,6682
2023-07-21,Family,827
2023-07-22,Travel,271
2023-07-23,Fashion,9378
2023-07-24,Culture,6957
2023-07-25,Music,6031
2023-07-26,Food,6524
2023-07-27,Fashion,3796
2023-07-28,Music,9857
2023-07-29,Music,5142
2023-07-30,Family,6030
2023-07-31,Fashion,1634
2023-08-01,Fitness,8150
2023-08-02,Fashion,4961
2023-08-03,Culture,2249
2023-08-04,Fitness,3008
2023-08-05,Family,6855
2023-08-06,Family,7699
2023-08-07,Health,4642
2023-08-08,Fashion,1183
2023-08-09,Fitness,4061
2023-08-10,Fashion,2526
2023-08-11,Family,9737
2023-08-12,Music,193
2023-08-13,Fashion,6606
2023-08-14,Food,1186
2023-08-15,Music,5749
2023-08-16,Fitness,1225
2023-08-17,Music,375
2023-08-18,Travel,2806
2023-08-19,Health,8894
2023-08-20,Health,4237
2023-08-21,Food,3333
2023-08-22,Food,9568
2023-08-23,Music,6349
2023-08-24,Fashion,9653
2023-08-25,Food,6927
2023-08-26,Fashion,3346
2023-08-27,Family,1529
2023-08-28,Music,2205
2023-08-29,Music,127
2023-08-30,Fashion,8023
2023-08-31,Fitness,8194
2023-09-01,Fitness,9674
2023-09-02,Fitness,9204
2023-09-03,Culture,5038
2023-09-04,Fitness,3787
2023-09-05,Family,8458
2023-09-06,Culture,8771
2023-09-07,Culture,3118
2023-09-08,Family,3678
2023-09-09,Travel,1862
2023-09-10,Health,5149
2023-09-11,Culture,119
2023-09-12,Food,2170
2023-09-13,Family,5736
2023-09-14,Culture,2301
2023-09-15,Fashion,8478
2023-09-16,Culture,8684
2023-09-17,Fashion,1866
2023-09-18,Fitness,3067
2023-09-19,Fitness,8226
2023-09-20,Food,65
2023-09-21,Culture,8005
2023-09-22,Culture,8993
2023-09-23,Fashion,4909
2023-09-24,Music,7168
2023-09-25,Fitness,7529
2023-09-26,Fashion,7858
2023-09-27,Health,3967
2023-09-28,Music,1769
2023-09-29,Music,3408
2023-09-30,Travel,6578
2023-10-01,Music,6619
2023-10-02,Culture,3948
2023-10-03,Fashion,165
2023-10-04,Fashion,8390
2023-10-05,Food,29
2023-10-06,Travel,5089
2023-10-07,Fashion,1604
2023-10-08,Travel,2403
2023-10-09,Fashion,2661
2023-10-10,Culture,3628
2023-10-11,Travel,3465
2023-10-12,Food,7291
2023-10-13,Fitness,1461
2023-10-14,Health,5233
2023-10-15,Travel,9919
2023-10-16,Travel,4917
2023-10-17,Fitness,3231
2023-10-18,Music,7067
2023-10-19,Family,6237
2023-10-20,Music,2577
2023-10-21,Food,9606
2023-10-22,Culture,7513
2023-10-23,Fashion,2135
2023-10-24,Culture,2430
2023-10-25,Music,7445
2023-10-26,Family,5863
2023-10-27,Culture,1084
2023-10-28,Family,9987
2023-10-29,Travel,19
2023-10-30,Family,2821
2023-10-31,Health,742
2023-11-01,Culture,1682
2023-11-02,Food,7794
2023-11-03,Culture,1892
2023-11-04,Family,9371
2023-11-05,Culture,8559
2023-11-06,Culture,7991
2023-11-07,Health,3856
2023-11-08,Travel,5640
2023-11-09,Music,4768
2023-11-10,Family,4278
2023-11-11,Travel,3917
2023-11-12,Music,2239
2023-11-13,Music,6789
2023-11-14,Culture,3701
2023-11-15,Food,8173
2023-11-16,Fitness,5106
2023-11-17,Health,164
2023-11-18,Travel,5381
2023-11-19,Health,3139
2023-11-20,Travel,3641
2023-11-21,Food,7773
2023-11-22,Food,9368
2023-11-23,Culture,4446
2023-11-24,Music,4202
2023-11-25,Music,7755
2023-11-26,Fitness,1227
2023-11-27,Music,346
2023-11-28,Travel,3781
2023-11-29,Family,4341
2023-11-30,Fitness,6362
2023-12-01,Family,4146
2023-12-02,Travel,7549
2023-12-03,Fitness,5159
2023-12-04,Health,2346
2023-12-05,Travel,8244
2023-12-06,Music,8058
2023-12-07,Travel,8877
2023-12-08,Fitness,3271
2023-12-09,Fitness,6987
2023-12-10,Health,5111
2023-12-11,Fashion,2926
2023-12-12,Culture,2597
2023-12-13,Food,5024
2023-12-14,Fashion,8064
2023-12-15,Travel,3991
2023-12-16,Health,3346
2023-12-17,Family,105
2023-12-18,Culture,3969
2023-12-19,Fashion,3811
2023-12-20,Fitness,2622
2023-12-21,Food,6972
2023-12-22,Fitness,5154
2023-12-23,Family,2338
2023-12-24,Fashion,2341
2023-12-25,Travel,7692
2023-12-26,Travel,7679
2023-12-27,Food,8706
2023-12-28,Travel,7138
2023-12-29,Fashion,1100
2023-12-30,Fashion,6520
2023-12-31,Fitness,3006
2024-01-01,Culture,7619
2024-01-02,Travel,8058
2024-01-03,Health,2704
2024-01-04,Fitness,4229
2024-01-05,Food,6977
2024-01-06,Family,6453
2024-01-07,Music,6808
2024-01-08,Travel,8472
2024-01-09,Food,3852
2024-01-10,Fitness,4379
2024-01-11,Music,9369
2024-01-12,Travel,9750
2024-01-13,Family,2905
2024-01-14,Food,9886
2024-01-15,Culture,6831
2024-01-16,Food,9213
2024-01-17,Fashion,1297
2024-01-18,Music,8514
2024-01-19,Family,3342
2024-01-20,Travel,3825
2024-01-21,Fitness,3934
2024-01-22,Health,3385
2024-01-23,Music,4959
2024-01-24,Food,2195
2024-01-25,Culture,8536
2024-01-26,Fashion,3271
2024-01-27,Music,5471
2024-01-28,Food,6043
2024-01-29,Music,9024
2024-01-30,Health,3934
2024-01-31,Fitness,26
2024-02-01,Music,5596
2024-02-02,Music,1761
2024-02-03,Fashion,6306
2024-02-04,Health,1778
2024-02-05,Travel,9956
2024-02-06,Fitness,9173
2024-02-07,Fashion,9646
2024-02-08,Music,3813
2024-02-09,Health,6496
2024-02-10,Culture,77
2024-02-11,Culture,3781
2024-02-12,Health,6405
2024-02-13,Food,7453
2024-02-14,Health,7151
2024-02-15,Food,4745
2024-02-16,Fitness,7326
2024-02-17,Travel,5996
2024-02-18,Family,8200
2024-02-19,Fashion,4699
2024-02-20,Travel,9805
2024-02-21,Travel,6525
2024-02-22,Culture,1120
2024-02-23,Family,1451
2024-02-24,Fitness,928
2024-02-25,Food,3850
2024-02-26,Fitness,3776
2024-02-27,Music,1574
2024-02-28,Fashion,6644
2024-02-29,Family,1674
2024-03-01,Fashion,5566
2024-03-02,Culture,6859
2024-03-03,Fashion,8021
2024-03-04,Family,6021
2024-03-05,Fashion,5571
2024-03-06,Music,3297
2024-03-07,Music,5166
2024-03-08,Fitness,7352
2024-03-09,Fashion,2704
2024-03-10,Fashion,9537
2024-03-11,Fashion,8928
2024-03-12,Fitness,3470
2024-03-13,Travel,9933
2024-03-14,Music,4215
2024-03-15,Culture,5531
2024-03-16,Family,6894
2024-03-17,Health,9859
2024-03-18,Fashion,2341
2024-03-19,Food,4717
2024-03-20,Travel,4723
2024-03-21,Culture,7155
2024-03-22,Music,5915
2024-03-23,Travel,2201
2024-03-24,Fashion,5418
2024-03-25,Health,7156
2024-03-26,Culture,8081
2024-03-27,Health,1479
2024-03-28,Fitness,8351
2024-03-29,Travel,6421
2024-03-30,Food,56
2024-03-31,Music,83
2024-04-01,Health,2064
2024-04-02,Fashion,9365
2024-04-03,Fitness,4976
2024-04-04,Music,8005
2024-04-05,Culture,9730
2024-04-06,Fitness,294
2024-04-07,Family,2463
2024-04-08,Family,1957
2024-04-09,Culture,3573
2024-04-10,Travel,907
2024-04-11,Fashion,227
2024-04-12,Music,8070
2024-04-13,Fitness,6055
2024-04-14,Health,9145
2024-04-15,Culture,930
2024-04-16,Food,1362
2024-04-17,Music,26
2024-04-18,Family,5844
2024-04-19,Culture,7291
2024-04-20,Family,6968
2024-04-21,Music,6431
2024-04-22,Music,311
2024-04-23,Culture,5149
2024-04-24,Fitness,6526
2024-04-25,Family,2937
2024-04-26,Food,3954
2024-04-27,Food,4233
2024-04-28,Travel,8916
2024-04-29,Health,519
2024-04-30,Food,8322
2024-05-01,Culture,88
2024-05-02,Family,2141
2024-05-03,Family,2862
2024-05-04,Music,3610
2024-05-05,Fitness,5892
2024-05-06,Food,4562
2024-05-07,Music,6058
2024-05-08,Fashion,8812
2024-05-09,Fitness,5548
2024-05-10,Family,2491
2024-05-11,Fashion,8471
2024-05-12,Music,763
